BEGIN TRANSACTION;
CREATE TABLE "outros_servico1" ("id" integer NOT NULL PRIMARY KEY AUTOINCREMENT, "funcionario2_id" integer NOT NULL REFERENCES "outros_funcionario" ("id"), "servico2_id" integer NOT NULL REFERENCES "outros_servico" ("id"));
INSERT INTO `outros_servico1` VALUES (49,3,1);
INSERT INTO `outros_servico1` VALUES (50,4,1);
INSERT INTO `outros_servico1` VALUES (51,4,3);
CREATE TABLE "outros_servico" ("id" integer NOT NULL PRIMARY KEY AUTOINCREMENT, "nome" varchar(200) NOT NULL, "preco" decimal NOT NULL, "obs" varchar(200) NULL);
INSERT INTO `outros_servico` VALUES (1,'Corte',30,'corte');
INSERT INTO `outros_servico` VALUES (2,'Barba',30,'barba');
INSERT INTO `outros_servico` VALUES (3,'Cabelo e Barba',60,'cabeloebarba');
CREATE TABLE "outros_produto" ("id" integer NOT NULL PRIMARY KEY AUTOINCREMENT, "nome" varchar(200) NOT NULL, "preco" decimal NOT NULL, "obs" varchar(200) NULL, "tipo" varchar(200) NULL);
INSERT INTO `outros_produto` VALUES (6,'Coca-Cola 250ml',2.5,'','');
CREATE TABLE "outros_item" ("id" integer NOT NULL PRIMARY KEY AUTOINCREMENT, "qnt" integer NOT NULL, "obs" varchar(200) NULL, "produto1_id" integer NOT NULL REFERENCES "outros_produto" ("id"), "total" decimal NOT NULL);
CREATE TABLE "outros_funcionario" ("id" integer NOT NULL PRIMARY KEY AUTOINCREMENT, "nome" varchar(200) NOT NULL, "telefone" varchar(15) NOT NULL, "func" varchar(1) NOT NULL, "telefone1" varchar(15) NULL);
INSERT INTO `outros_funcionario` VALUES (3,'Jefferson Melo','67 991092454','C','');
INSERT INTO `outros_funcionario` VALUES (4,'Rubens','123','C','');
CREATE TABLE "outros_comanda_produtos" ("id" integer NOT NULL PRIMARY KEY AUTOINCREMENT, "comanda_id" integer NOT NULL REFERENCES "outros_comanda" ("id"), "item_id" integer NOT NULL REFERENCES "outros_item" ("id"));
CREATE TABLE "outros_comanda_corte_servicos" ("id" integer NOT NULL PRIMARY KEY AUTOINCREMENT, "comanda_corte_id" integer NOT NULL REFERENCES "outros_comanda_corte" ("id"), "servico1_id" integer NOT NULL REFERENCES "outros_servico1" ("id"));
INSERT INTO `outros_comanda_corte_servicos` VALUES (13,25,49);
INSERT INTO `outros_comanda_corte_servicos` VALUES (14,26,50);
INSERT INTO `outros_comanda_corte_servicos` VALUES (15,27,51);
CREATE TABLE "outros_comanda_corte" ("id" integer NOT NULL PRIMARY KEY AUTOINCREMENT, "total" decimal NOT NULL, "data" datetime NOT NULL);
INSERT INTO `outros_comanda_corte` VALUES (25,30,'2017-08-10 09:43:40.175160');
INSERT INTO `outros_comanda_corte` VALUES (26,30,'2017-08-10 10:13:26.362852');
INSERT INTO `outros_comanda_corte` VALUES (27,60,'2017-08-10 10:13:26.362852');
CREATE TABLE "outros_comanda" ("id" integer NOT NULL PRIMARY KEY AUTOINCREMENT, "total" decimal NOT NULL, "num" integer NOT NULL, "estado" varchar(1) NOT NULL, "data" datetime NOT NULL);
INSERT INTO `outros_comanda` VALUES (22,5,1,'C','2017-08-10 10:51:59.514125');
CREATE TABLE "home_servico" ("id" integer NOT NULL PRIMARY KEY AUTOINCREMENT, "nome" varchar(200) NOT NULL, "preco" decimal NOT NULL);
CREATE TABLE "home_produto" ("id" integer NOT NULL PRIMARY KEY AUTOINCREMENT, "nome" varchar(200) NOT NULL, "preco" decimal NOT NULL);
CREATE TABLE "home_item" ("id" integer NOT NULL PRIMARY KEY AUTOINCREMENT, "qnt" integer NOT NULL, "obs" varchar(200) NULL, "produto1_id" integer NOT NULL REFERENCES "home_produto" ("id"));
CREATE TABLE "home_comanda_servicos" ("id" integer NOT NULL PRIMARY KEY AUTOINCREMENT, "comanda_id" integer NOT NULL REFERENCES "home_comanda" ("id"), "servico_id" integer NOT NULL REFERENCES "home_servico" ("id"));
CREATE TABLE "home_comanda_produtos" ("id" integer NOT NULL PRIMARY KEY AUTOINCREMENT, "comanda_id" integer NOT NULL REFERENCES "home_comanda" ("id"), "item_id" integer NOT NULL REFERENCES "home_item" ("id"));
CREATE TABLE "home_comanda" ("id" integer NOT NULL PRIMARY KEY AUTOINCREMENT, "total" decimal NOT NULL, "data" datetime NOT NULL);
CREATE TABLE "django_site" ("id" integer NOT NULL PRIMARY KEY AUTOINCREMENT, "domain" varchar(100) NOT NULL, "name" varchar(50) NOT NULL);
INSERT INTO `django_site` VALUES (1,'example.com','example.com');
CREATE TABLE "django_session" ("session_key" varchar(40) NOT NULL PRIMARY KEY, "session_data" text NOT NULL, "expire_date" datetime NOT NULL);
INSERT INTO `django_session` VALUES ('51m6dpqty4w6rgrowx2129nv2kv2jfdj','YjE4ZmI1ZjcyMzA3MzA5OWRjNGI1YWU4ODhmN2M2Y2RmNTczNjdiNjp7Il9hdXRoX3VzZXJfaWQiOiIxIiwiX2F1dGhfdXNlcl9iYWNrZW5kIjoiZGphbmdvLmNvbnRyaWIuYXV0aC5iYWNrZW5kcy5Nb2RlbEJhY2tlbmQiLCJfYXV0aF91c2VyX2hhc2giOiI2MGFmNTA0Njc2ZTZhNjQzNDdjZDk4YTllZjA2NDNkOTFjNDFjYjQ2In0=','2017-08-15 18:03:05.845744');
INSERT INTO `django_session` VALUES ('y10nt6sm4anwb6o4g5n37yuphmc0dtyt','YjE4ZmI1ZjcyMzA3MzA5OWRjNGI1YWU4ODhmN2M2Y2RmNTczNjdiNjp7Il9hdXRoX3VzZXJfaWQiOiIxIiwiX2F1dGhfdXNlcl9iYWNrZW5kIjoiZGphbmdvLmNvbnRyaWIuYXV0aC5iYWNrZW5kcy5Nb2RlbEJhY2tlbmQiLCJfYXV0aF91c2VyX2hhc2giOiI2MGFmNTA0Njc2ZTZhNjQzNDdjZDk4YTllZjA2NDNkOTFjNDFjYjQ2In0=','2017-08-18 14:51:26.036802');
INSERT INTO `django_session` VALUES ('4vn07fqxlxj7angwwa4dlh4qq46bnhdc','YjE4ZmI1ZjcyMzA3MzA5OWRjNGI1YWU4ODhmN2M2Y2RmNTczNjdiNjp7Il9hdXRoX3VzZXJfaWQiOiIxIiwiX2F1dGhfdXNlcl9iYWNrZW5kIjoiZGphbmdvLmNvbnRyaWIuYXV0aC5iYWNrZW5kcy5Nb2RlbEJhY2tlbmQiLCJfYXV0aF91c2VyX2hhc2giOiI2MGFmNTA0Njc2ZTZhNjQzNDdjZDk4YTllZjA2NDNkOTFjNDFjYjQ2In0=','2017-08-22 19:38:46.135792');
CREATE TABLE "django_migrations" ("id" integer NOT NULL PRIMARY KEY AUTOINCREMENT, "app" varchar(255) NOT NULL, "name" varchar(255) NOT NULL, "applied" datetime NOT NULL);
INSERT INTO `django_migrations` VALUES (1,'contenttypes','0001_initial','2014-09-22 21:54:37.646293');
INSERT INTO `django_migrations` VALUES (2,'auth','0001_initial','2014-09-22 21:54:37.724420');
INSERT INTO `django_migrations` VALUES (3,'sessions','0001_initial','2014-09-22 21:54:37.771299');
INSERT INTO `django_migrations` VALUES (4,'sites','0001_initial','2014-09-22 21:54:37.802549');
INSERT INTO `django_migrations` VALUES (5,'admin','0001_initial','2016-03-10 22:11:58.407076');
INSERT INTO `django_migrations` VALUES (6,'admin','0002_logentry_remove_auto_add','2016-03-10 22:11:58.432096');
INSERT INTO `django_migrations` VALUES (7,'contenttypes','0002_remove_content_type_name','2016-03-10 22:11:58.483141');
INSERT INTO `django_migrations` VALUES (8,'auth','0002_alter_permission_name_max_length','2016-03-10 22:11:58.514166');
INSERT INTO `django_migrations` VALUES (9,'auth','0003_alter_user_email_max_length','2016-03-10 22:11:58.546192');
INSERT INTO `django_migrations` VALUES (10,'auth','0004_alter_user_username_opts','2016-03-10 22:11:58.575218');
INSERT INTO `django_migrations` VALUES (11,'auth','0005_alter_user_last_login_null','2016-03-10 22:11:58.602240');
INSERT INTO `django_migrations` VALUES (12,'auth','0006_require_contenttypes_0002','2016-03-10 22:11:58.609246');
INSERT INTO `django_migrations` VALUES (13,'auth','0007_alter_validators_add_error_messages','2016-03-10 22:11:58.635268');
INSERT INTO `django_migrations` VALUES (14,'auth','0008_alter_user_username_max_length','2017-07-28 21:35:55.220861');
INSERT INTO `django_migrations` VALUES (15,'home','0001_initial','2017-08-01 14:08:54.240526');
INSERT INTO `django_migrations` VALUES (16,'outros','0001_initial','2017-08-01 14:08:54.542278');
INSERT INTO `django_migrations` VALUES (17,'home','0002_auto_20170801_1013','2017-08-01 14:13:53.610538');
INSERT INTO `django_migrations` VALUES (18,'outros','0002_auto_20170801_1013','2017-08-01 14:13:53.777375');
INSERT INTO `django_migrations` VALUES (19,'cliente','0001_initial','2017-08-01 17:17:33.710079');
INSERT INTO `django_migrations` VALUES (20,'home','0003_auto_20170801_1317','2017-08-01 17:17:33.853532');
INSERT INTO `django_migrations` VALUES (21,'outros','0003_auto_20170801_1317','2017-08-01 17:17:33.979366');
INSERT INTO `django_migrations` VALUES (22,'home','0004_auto_20170801_1335','2017-08-01 17:35:32.545808');
INSERT INTO `django_migrations` VALUES (23,'outros','0004_auto_20170801_1335','2017-08-01 17:35:32.691459');
INSERT INTO `django_migrations` VALUES (24,'cliente','0002_auto_20170801_1355','2017-08-01 17:55:27.313444');
INSERT INTO `django_migrations` VALUES (25,'home','0005_auto_20170801_1355','2017-08-01 17:55:27.452475');
INSERT INTO `django_migrations` VALUES (26,'outros','0005_auto_20170801_1355','2017-08-01 17:55:27.606191');
INSERT INTO `django_migrations` VALUES (27,'home','0006_auto_20170801_1713','2017-08-01 21:13:52.362618');
INSERT INTO `django_migrations` VALUES (28,'outros','0006_auto_20170801_1713','2017-08-01 21:13:52.536289');
INSERT INTO `django_migrations` VALUES (29,'home','0007_auto_20170801_1757','2017-08-01 21:57:15.790818');
INSERT INTO `django_migrations` VALUES (30,'outros','0007_auto_20170801_1757','2017-08-01 21:57:15.935930');
INSERT INTO `django_migrations` VALUES (31,'home','0008_auto_20170801_1801','2017-08-01 22:01:28.713703');
INSERT INTO `django_migrations` VALUES (32,'outros','0008_auto_20170801_1801','2017-08-01 22:01:28.862255');
INSERT INTO `django_migrations` VALUES (33,'home','0009_auto_20170804_1338','2017-08-04 17:38:59.111058');
INSERT INTO `django_migrations` VALUES (34,'outros','0009_auto_20170804_1338','2017-08-04 17:38:59.290517');
INSERT INTO `django_migrations` VALUES (35,'home','0010_auto_20170804_1734','2017-08-04 21:35:01.308841');
INSERT INTO `django_migrations` VALUES (36,'outros','0010_auto_20170804_1734','2017-08-04 21:35:01.690079');
INSERT INTO `django_migrations` VALUES (37,'caixa','0001_initial','2017-08-04 21:56:50.667682');
INSERT INTO `django_migrations` VALUES (38,'home','0011_auto_20170804_1756','2017-08-04 21:56:50.824373');
INSERT INTO `django_migrations` VALUES (39,'outros','0011_auto_20170804_1756','2017-08-04 21:56:50.967563');
INSERT INTO `django_migrations` VALUES (40,'caixa','0002_caixa_data','2017-08-04 22:06:14.962533');
INSERT INTO `django_migrations` VALUES (41,'home','0012_auto_20170804_1806','2017-08-04 22:06:15.115837');
INSERT INTO `django_migrations` VALUES (42,'outros','0012_auto_20170804_1806','2017-08-04 22:06:15.274229');
INSERT INTO `django_migrations` VALUES (43,'caixa','0003_auto_20170804_1808','2017-08-04 22:08:13.202946');
INSERT INTO `django_migrations` VALUES (44,'home','0013_auto_20170804_1808','2017-08-04 22:08:13.368855');
INSERT INTO `django_migrations` VALUES (45,'outros','0013_auto_20170804_1808','2017-08-04 22:08:13.519752');
INSERT INTO `django_migrations` VALUES (46,'caixa','0004_auto_20170805_0941','2017-08-05 13:41:15.681601');
INSERT INTO `django_migrations` VALUES (47,'home','0014_auto_20170805_0941','2017-08-05 13:41:15.812887');
INSERT INTO `django_migrations` VALUES (48,'outros','0014_auto_20170805_0941','2017-08-05 13:41:15.951562');
INSERT INTO `django_migrations` VALUES (49,'caixa','0005_auto_20170805_0945','2017-08-05 13:45:42.354425');
INSERT INTO `django_migrations` VALUES (50,'home','0015_auto_20170805_0945','2017-08-05 13:45:42.524565');
INSERT INTO `django_migrations` VALUES (51,'outros','0015_auto_20170805_0945','2017-08-05 13:45:42.705309');
INSERT INTO `django_migrations` VALUES (52,'caixa','0006_auto_20170807_1357','2017-08-07 17:57:36.443539');
INSERT INTO `django_migrations` VALUES (53,'home','0016_auto_20170807_1357','2017-08-07 17:57:36.645523');
INSERT INTO `django_migrations` VALUES (54,'outros','0016_auto_20170807_1357','2017-08-07 17:57:36.836426');
INSERT INTO `django_migrations` VALUES (55,'caixa','0007_auto_20170807_1401','2017-08-07 18:01:50.225134');
INSERT INTO `django_migrations` VALUES (56,'home','0017_auto_20170807_1401','2017-08-07 18:01:50.365254');
INSERT INTO `django_migrations` VALUES (57,'outros','0017_auto_20170807_1401','2017-08-07 18:01:50.529836');
INSERT INTO `django_migrations` VALUES (58,'caixa','0008_auto_20170807_1404','2017-08-07 18:04:14.699417');
INSERT INTO `django_migrations` VALUES (59,'home','0018_auto_20170807_1404','2017-08-07 18:04:14.847397');
INSERT INTO `django_migrations` VALUES (60,'outros','0018_auto_20170807_1404','2017-08-07 18:04:15.016669');
INSERT INTO `django_migrations` VALUES (61,'caixa','0009_auto_20170807_1405','2017-08-07 18:05:51.901211');
INSERT INTO `django_migrations` VALUES (62,'home','0019_auto_20170807_1405','2017-08-07 18:05:52.122676');
INSERT INTO `django_migrations` VALUES (63,'outros','0019_auto_20170807_1405','2017-08-07 18:05:52.300636');
INSERT INTO `django_migrations` VALUES (64,'outros','0020_auto_20170807_1558','2017-08-07 19:58:15.261268');
INSERT INTO `django_migrations` VALUES (65,'agenda','0001_initial','2017-08-07 19:58:15.688197');
INSERT INTO `django_migrations` VALUES (66,'caixa','0010_auto_20170807_1558','2017-08-07 19:58:16.054112');
INSERT INTO `django_migrations` VALUES (67,'home','0020_auto_20170807_1558','2017-08-07 19:58:16.279173');
INSERT INTO `django_migrations` VALUES (68,'agenda','0002_auto_20170807_1559','2017-08-07 19:59:26.597092');
INSERT INTO `django_migrations` VALUES (69,'caixa','0011_auto_20170807_1559','2017-08-07 19:59:26.776506');
INSERT INTO `django_migrations` VALUES (70,'home','0021_auto_20170807_1559','2017-08-07 19:59:26.937424');
INSERT INTO `django_migrations` VALUES (71,'outros','0021_auto_20170807_1559','2017-08-07 19:59:27.117147');
INSERT INTO `django_migrations` VALUES (72,'caixa','0012_auto_20170808_1536','2017-08-08 19:36:52.124807');
INSERT INTO `django_migrations` VALUES (73,'cliente','0003_auto_20170808_1536','2017-08-08 19:36:52.330465');
INSERT INTO `django_migrations` VALUES (74,'home','0022_auto_20170808_1536','2017-08-08 19:36:52.475561');
INSERT INTO `django_migrations` VALUES (75,'outros','0022_auto_20170808_1536','2017-08-08 19:36:52.639670');
INSERT INTO `django_migrations` VALUES (76,'caixa','0013_auto_20170808_1537','2017-08-08 19:38:04.301455');
INSERT INTO `django_migrations` VALUES (77,'cliente','0004_auto_20170808_1537','2017-08-08 19:38:04.482575');
INSERT INTO `django_migrations` VALUES (78,'home','0023_auto_20170808_1537','2017-08-08 19:38:04.651687');
INSERT INTO `django_migrations` VALUES (79,'outros','0023_auto_20170808_1537','2017-08-08 19:38:04.968942');
INSERT INTO `django_migrations` VALUES (80,'caixa','0014_auto_20170808_1652','2017-08-08 20:52:47.226667');
INSERT INTO `django_migrations` VALUES (81,'home','0024_auto_20170808_1652','2017-08-08 20:52:47.385774');
INSERT INTO `django_migrations` VALUES (82,'outros','0024_auto_20170808_1652','2017-08-08 20:52:47.555888');
CREATE TABLE "django_content_type" ("id" integer NOT NULL PRIMARY KEY AUTOINCREMENT, "app_label" varchar(100) NOT NULL, "model" varchar(100) NOT NULL);
INSERT INTO `django_content_type` VALUES (1,'auth','permission');
INSERT INTO `django_content_type` VALUES (2,'auth','group');
INSERT INTO `django_content_type` VALUES (3,'auth','user');
INSERT INTO `django_content_type` VALUES (4,'contenttypes','contenttype');
INSERT INTO `django_content_type` VALUES (5,'sessions','session');
INSERT INTO `django_content_type` VALUES (6,'sites','site');
INSERT INTO `django_content_type` VALUES (7,'admin','logentry');
INSERT INTO `django_content_type` VALUES (8,'home','comanda');
INSERT INTO `django_content_type` VALUES (9,'home','servico');
INSERT INTO `django_content_type` VALUES (10,'home','item');
INSERT INTO `django_content_type` VALUES (11,'home','produto');
INSERT INTO `django_content_type` VALUES (12,'outros','produto');
INSERT INTO `django_content_type` VALUES (13,'outros','servico');
INSERT INTO `django_content_type` VALUES (14,'outros','comanda');
INSERT INTO `django_content_type` VALUES (15,'outros','funcionario');
INSERT INTO `django_content_type` VALUES (16,'outros','servico1');
INSERT INTO `django_content_type` VALUES (17,'cliente','cliente');
INSERT INTO `django_content_type` VALUES (18,'outros','item');
INSERT INTO `django_content_type` VALUES (19,'caixa','caixa');
INSERT INTO `django_content_type` VALUES (20,'outros','comanda_corte');
INSERT INTO `django_content_type` VALUES (21,'agenda','agenda');
CREATE TABLE "django_admin_log" ("id" integer NOT NULL PRIMARY KEY AUTOINCREMENT, "object_id" text NULL, "object_repr" varchar(200) NOT NULL, "action_flag" smallint unsigned NOT NULL, "change_message" text NOT NULL, "content_type_id" integer NULL REFERENCES "django_content_type" ("id"), "user_id" integer NOT NULL REFERENCES "auth_user" ("id"), "action_time" datetime NOT NULL);
INSERT INTO `django_admin_log` VALUES (1,'2','1',3,'',14,1,'2017-08-04 17:39:15.580812');
INSERT INTO `django_admin_log` VALUES (2,'1','1',3,'',14,1,'2017-08-04 17:39:15.687882');
INSERT INTO `django_admin_log` VALUES (3,'1','caixa object',1,'[{"added": {}}]',19,1,'2017-08-04 22:06:27.905979');
INSERT INTO `django_admin_log` VALUES (4,'1','jose da silva',1,'[{"added": {}}]',15,1,'2017-08-05 13:45:54.874673');
INSERT INTO `django_admin_log` VALUES (5,'1','Corte',2,'[{"changed": {"fields": ["obs"]}}]',13,1,'2017-08-07 17:42:34.344115');
INSERT INTO `django_admin_log` VALUES (6,'3','Cabelo e Barba',1,'[{"added": {}}]',13,1,'2017-08-07 17:42:49.130021');
INSERT INTO `django_admin_log` VALUES (7,'1','Corte',2,'[{"changed": {"fields": ["obs"]}}]',13,1,'2017-08-07 17:51:37.874448');
INSERT INTO `django_admin_log` VALUES (8,'4','4',2,'[{"changed": {"fields": ["confirmado"]}}]',21,1,'2017-08-07 21:36:40.083738');
INSERT INTO `django_admin_log` VALUES (9,'5','adasdasda',3,'',17,1,'2017-08-08 19:38:58.879558');
INSERT INTO `django_admin_log` VALUES (10,'4','adasdasdas',3,'',17,1,'2017-08-08 19:38:58.991632');
INSERT INTO `django_admin_log` VALUES (11,'21','21',2,'[{"changed": {"fields": ["total"]}}]',19,1,'2017-08-08 20:51:57.605621');
INSERT INTO `django_admin_log` VALUES (12,'3','Mila',3,'',17,1,'2017-08-09 15:07:06.692573');
INSERT INTO `django_admin_log` VALUES (13,'2','Natalia',3,'',17,1,'2017-08-09 15:07:06.882775');
INSERT INTO `django_admin_log` VALUES (14,'1','Igor',3,'',17,1,'2017-08-09 15:07:07.041928');
INSERT INTO `django_admin_log` VALUES (15,'2','acaidiverso',3,'',15,1,'2017-08-09 15:07:27.431202');
INSERT INTO `django_admin_log` VALUES (16,'1','jose da silva',3,'',15,1,'2017-08-09 15:07:27.498245');
INSERT INTO `django_admin_log` VALUES (17,'24','24',3,'',20,1,'2017-08-09 15:07:39.637461');
INSERT INTO `django_admin_log` VALUES (18,'23','23',3,'',20,1,'2017-08-09 15:07:39.732524');
INSERT INTO `django_admin_log` VALUES (19,'22','22',3,'',20,1,'2017-08-09 15:07:39.822392');
INSERT INTO `django_admin_log` VALUES (20,'21','21',3,'',20,1,'2017-08-09 15:07:39.938063');
INSERT INTO `django_admin_log` VALUES (21,'20','20',3,'',20,1,'2017-08-09 15:07:40.052807');
INSERT INTO `django_admin_log` VALUES (22,'19','19',3,'',20,1,'2017-08-09 15:07:40.129513');
INSERT INTO `django_admin_log` VALUES (23,'18','18',3,'',20,1,'2017-08-09 15:07:40.265577');
INSERT INTO `django_admin_log` VALUES (24,'17','17',3,'',20,1,'2017-08-09 15:07:40.342191');
INSERT INTO `django_admin_log` VALUES (25,'16','16',3,'',20,1,'2017-08-09 15:07:40.505336');
INSERT INTO `django_admin_log` VALUES (26,'15','15',3,'',20,1,'2017-08-09 15:07:40.626298');
INSERT INTO `django_admin_log` VALUES (27,'14','14',3,'',20,1,'2017-08-09 15:07:40.749420');
INSERT INTO `django_admin_log` VALUES (28,'13','13',3,'',20,1,'2017-08-09 15:07:40.840217');
INSERT INTO `django_admin_log` VALUES (29,'12','12',3,'',20,1,'2017-08-09 15:07:40.989837');
INSERT INTO `django_admin_log` VALUES (30,'11','11',3,'',20,1,'2017-08-09 15:07:41.082841');
INSERT INTO `django_admin_log` VALUES (31,'10','10',3,'',20,1,'2017-08-09 15:07:41.196918');
INSERT INTO `django_admin_log` VALUES (32,'9','9',3,'',20,1,'2017-08-09 15:07:41.312880');
INSERT INTO `django_admin_log` VALUES (33,'8','8',3,'',20,1,'2017-08-09 15:07:41.391910');
INSERT INTO `django_admin_log` VALUES (34,'7','7',3,'',20,1,'2017-08-09 15:07:41.515159');
INSERT INTO `django_admin_log` VALUES (35,'6','6',3,'',20,1,'2017-08-09 15:07:41.646850');
INSERT INTO `django_admin_log` VALUES (36,'5','5',3,'',20,1,'2017-08-09 15:07:41.786987');
INSERT INTO `django_admin_log` VALUES (37,'4','4',3,'',20,1,'2017-08-09 15:07:41.861405');
INSERT INTO `django_admin_log` VALUES (38,'3','3',3,'',20,1,'2017-08-09 15:07:41.984839');
INSERT INTO `django_admin_log` VALUES (39,'2','2',3,'',20,1,'2017-08-09 15:07:42.066865');
INSERT INTO `django_admin_log` VALUES (40,'1','1',3,'',20,1,'2017-08-09 15:07:42.199492');
INSERT INTO `django_admin_log` VALUES (41,'21','C',3,'',14,1,'2017-08-09 15:07:53.377214');
INSERT INTO `django_admin_log` VALUES (42,'20','C',3,'',14,1,'2017-08-09 15:07:53.462269');
INSERT INTO `django_admin_log` VALUES (43,'19','c',3,'',14,1,'2017-08-09 15:07:53.544324');
INSERT INTO `django_admin_log` VALUES (44,'18','C',3,'',14,1,'2017-08-09 15:07:53.634854');
INSERT INTO `django_admin_log` VALUES (45,'17','C',3,'',14,1,'2017-08-09 15:07:53.723458');
INSERT INTO `django_admin_log` VALUES (46,'16','C',3,'',14,1,'2017-08-09 15:07:53.812469');
INSERT INTO `django_admin_log` VALUES (47,'15','C',3,'',14,1,'2017-08-09 15:07:53.903114');
INSERT INTO `django_admin_log` VALUES (48,'14','C',3,'',14,1,'2017-08-09 15:07:54.092016');
INSERT INTO `django_admin_log` VALUES (49,'13','C',3,'',14,1,'2017-08-09 15:07:54.288927');
INSERT INTO `django_admin_log` VALUES (50,'12','C',3,'',14,1,'2017-08-09 15:07:54.375691');
INSERT INTO `django_admin_log` VALUES (51,'11','C',3,'',14,1,'2017-08-09 15:07:54.458178');
INSERT INTO `django_admin_log` VALUES (52,'10','C',3,'',14,1,'2017-08-09 15:07:54.595268');
INSERT INTO `django_admin_log` VALUES (53,'9','C',3,'',14,1,'2017-08-09 15:07:54.753507');
INSERT INTO `django_admin_log` VALUES (54,'8','C',3,'',14,1,'2017-08-09 15:07:54.855576');
INSERT INTO `django_admin_log` VALUES (55,'7','C',3,'',14,1,'2017-08-09 15:07:54.936677');
INSERT INTO `django_admin_log` VALUES (56,'6','C',3,'',14,1,'2017-08-09 15:07:55.022683');
INSERT INTO `django_admin_log` VALUES (57,'5','C',3,'',14,1,'2017-08-09 15:07:55.121588');
INSERT INTO `django_admin_log` VALUES (58,'4','C',3,'',14,1,'2017-08-09 15:07:55.330521');
INSERT INTO `django_admin_log` VALUES (59,'3','C',3,'',14,1,'2017-08-09 15:07:55.460607');
INSERT INTO `django_admin_log` VALUES (60,'4','Fanta Lata',3,'',12,1,'2017-08-09 15:08:08.243826');
INSERT INTO `django_admin_log` VALUES (61,'3','Suco',3,'',12,1,'2017-08-09 15:08:08.340888');
INSERT INTO `django_admin_log` VALUES (62,'2','Cerveja',3,'',12,1,'2017-08-09 15:08:08.438955');
INSERT INTO `django_admin_log` VALUES (63,'1','Coca-Cola Lata',3,'',12,1,'2017-08-09 15:08:08.513003');
INSERT INTO `django_admin_log` VALUES (64,'24','24',3,'',19,1,'2017-08-10 13:08:30.622360');
INSERT INTO `django_admin_log` VALUES (65,'23','23',3,'',19,1,'2017-08-10 13:08:30.793747');
INSERT INTO `django_admin_log` VALUES (66,'22','22',3,'',19,1,'2017-08-10 13:08:30.942420');
INSERT INTO `django_admin_log` VALUES (67,'21','21',3,'',19,1,'2017-08-10 13:08:31.126525');
INSERT INTO `django_admin_log` VALUES (68,'20','20',3,'',19,1,'2017-08-10 13:08:31.268364');
INSERT INTO `django_admin_log` VALUES (69,'19','19',3,'',19,1,'2017-08-10 13:08:31.405123');
INSERT INTO `django_admin_log` VALUES (70,'18','18',3,'',19,1,'2017-08-10 13:08:31.589739');
INSERT INTO `django_admin_log` VALUES (71,'17','17',3,'',19,1,'2017-08-10 13:08:31.785286');
INSERT INTO `django_admin_log` VALUES (72,'16','16',3,'',19,1,'2017-08-10 13:08:31.944958');
INSERT INTO `django_admin_log` VALUES (73,'15','15',3,'',19,1,'2017-08-10 13:08:32.070043');
INSERT INTO `django_admin_log` VALUES (74,'14','14',3,'',19,1,'2017-08-10 13:08:32.202117');
INSERT INTO `django_admin_log` VALUES (75,'13','13',3,'',19,1,'2017-08-10 13:08:32.337851');
INSERT INTO `django_admin_log` VALUES (76,'12','12',3,'',19,1,'2017-08-10 13:08:32.478791');
INSERT INTO `django_admin_log` VALUES (77,'11','11',3,'',19,1,'2017-08-10 13:08:32.602321');
INSERT INTO `django_admin_log` VALUES (78,'10','10',3,'',19,1,'2017-08-10 13:08:32.679313');
INSERT INTO `django_admin_log` VALUES (79,'9','9',3,'',19,1,'2017-08-10 13:08:32.890324');
INSERT INTO `django_admin_log` VALUES (80,'8','8',3,'',19,1,'2017-08-10 13:08:33.022366');
INSERT INTO `django_admin_log` VALUES (81,'7','7',3,'',19,1,'2017-08-10 13:08:33.135390');
INSERT INTO `django_admin_log` VALUES (82,'6','6',3,'',19,1,'2017-08-10 13:08:33.266317');
INSERT INTO `django_admin_log` VALUES (83,'5','5',3,'',19,1,'2017-08-10 13:08:33.404041');
INSERT INTO `django_admin_log` VALUES (84,'4','4',3,'',19,1,'2017-08-10 13:08:33.486807');
INSERT INTO `django_admin_log` VALUES (85,'3','3',3,'',19,1,'2017-08-10 13:08:33.624174');
INSERT INTO `django_admin_log` VALUES (86,'2','2',3,'',19,1,'2017-08-10 13:08:33.766687');
INSERT INTO `django_admin_log` VALUES (87,'1','1',3,'',19,1,'2017-08-10 13:08:33.903434');
INSERT INTO `django_admin_log` VALUES (88,'25','25',1,'[{"added": {}}]',19,1,'2017-08-10 13:09:04.170813');
INSERT INTO `django_admin_log` VALUES (89,'3','Cabelo e Barba',2,'[{"changed": {"fields": ["preco"]}}]',13,1,'2017-08-10 14:15:03.791776');
INSERT INTO `django_admin_log` VALUES (90,'5','Cerveja',3,'',12,1,'2017-08-10 15:06:17.374590');
INSERT INTO `django_admin_log` VALUES (91,'6','igor',3,'',17,1,'2017-08-10 15:06:29.202139');
INSERT INTO `django_admin_log` VALUES (92,'29','29',3,'',19,1,'2017-08-10 21:59:29.633338');
INSERT INTO `django_admin_log` VALUES (93,'28','28',3,'',19,1,'2017-08-10 21:59:29.775224');
INSERT INTO `django_admin_log` VALUES (94,'27','27',3,'',19,1,'2017-08-10 21:59:29.911315');
INSERT INTO `django_admin_log` VALUES (95,'26','26',3,'',19,1,'2017-08-10 21:59:30.056133');
INSERT INTO `django_admin_log` VALUES (96,'25','25',3,'',19,1,'2017-08-10 21:59:30.138120');
INSERT INTO `django_admin_log` VALUES (97,'30','30',1,'[{"added": {}}]',19,1,'2017-08-10 21:59:58.984523');
CREATE TABLE "cliente_cliente" ("id" integer NOT NULL PRIMARY KEY AUTOINCREMENT, "nome" varchar(200) NOT NULL, "telefone1" varchar(20) NOT NULL, "telefone2" varchar(20) NULL);
INSERT INTO `cliente_cliente` VALUES (7,'Igor Macedo Peres','64561321','');
CREATE TABLE "caixa_caixa" ("id" integer NOT NULL PRIMARY KEY AUTOINCREMENT, "tipo" varchar(1) NOT NULL, "data" datetime NOT NULL, "desc" varchar(100) NOT NULL, "total" decimal NOT NULL);
INSERT INTO `caixa_caixa` VALUES (30,'E','2017-08-11 12:00:00','Abertura',75);
CREATE TABLE "auth_user_user_permissions" ("id" integer NOT NULL PRIMARY KEY AUTOINCREMENT, "user_id" integer NOT NULL REFERENCES "auth_user" ("id"), "permission_id" integer NOT NULL REFERENCES "auth_permission" ("id"), UNIQUE ("user_id", "permission_id"));
CREATE TABLE "auth_user_groups" ("id" integer NOT NULL PRIMARY KEY AUTOINCREMENT, "user_id" integer NOT NULL REFERENCES "auth_user" ("id"), "group_id" integer NOT NULL REFERENCES "auth_group" ("id"), UNIQUE ("user_id", "group_id"));
CREATE TABLE "auth_user" ("id" integer NOT NULL PRIMARY KEY AUTOINCREMENT, "password" varchar(128) NOT NULL, "last_login" datetime NULL, "is_superuser" bool NOT NULL, "first_name" varchar(30) NOT NULL, "last_name" varchar(30) NOT NULL, "email" varchar(254) NOT NULL, "is_staff" bool NOT NULL, "is_active" bool NOT NULL, "date_joined" datetime NOT NULL, "username" varchar(150) NOT NULL UNIQUE);
INSERT INTO `auth_user` VALUES (1,'pbkdf2_sha256$36000$QYTma8l2m4Cg$YSLVqgeSpIyctJd3WudY5EZLGm5zxBWs1YeOlffe+DY=','2017-08-08 19:38:46.069331',1,'','','',1,1,'2017-08-01 18:02:58.982548','igor');
CREATE TABLE "auth_permission" ("id" integer NOT NULL PRIMARY KEY AUTOINCREMENT, "content_type_id" integer NOT NULL REFERENCES "django_content_type" ("id"), "codename" varchar(100) NOT NULL, "name" varchar(255) NOT NULL);
INSERT INTO `auth_permission` VALUES (1,1,'add_permission','Can add permission');
INSERT INTO `auth_permission` VALUES (2,1,'change_permission','Can change permission');
INSERT INTO `auth_permission` VALUES (3,1,'delete_permission','Can delete permission');
INSERT INTO `auth_permission` VALUES (4,2,'add_group','Can add group');
INSERT INTO `auth_permission` VALUES (5,2,'change_group','Can change group');
INSERT INTO `auth_permission` VALUES (6,2,'delete_group','Can delete group');
INSERT INTO `auth_permission` VALUES (7,3,'add_user','Can add user');
INSERT INTO `auth_permission` VALUES (8,3,'change_user','Can change user');
INSERT INTO `auth_permission` VALUES (9,3,'delete_user','Can delete user');
INSERT INTO `auth_permission` VALUES (10,4,'add_contenttype','Can add content type');
INSERT INTO `auth_permission` VALUES (11,4,'change_contenttype','Can change content type');
INSERT INTO `auth_permission` VALUES (12,4,'delete_contenttype','Can delete content type');
INSERT INTO `auth_permission` VALUES (13,5,'add_session','Can add session');
INSERT INTO `auth_permission` VALUES (14,5,'change_session','Can change session');
INSERT INTO `auth_permission` VALUES (15,5,'delete_session','Can delete session');
INSERT INTO `auth_permission` VALUES (16,6,'add_site','Can add site');
INSERT INTO `auth_permission` VALUES (17,6,'change_site','Can change site');
INSERT INTO `auth_permission` VALUES (18,6,'delete_site','Can delete site');
INSERT INTO `auth_permission` VALUES (19,7,'add_logentry','Can add log entry');
INSERT INTO `auth_permission` VALUES (20,7,'change_logentry','Can change log entry');
INSERT INTO `auth_permission` VALUES (21,7,'delete_logentry','Can delete log entry');
INSERT INTO `auth_permission` VALUES (22,8,'add_comanda','Can add comanda');
INSERT INTO `auth_permission` VALUES (23,8,'change_comanda','Can change comanda');
INSERT INTO `auth_permission` VALUES (24,8,'delete_comanda','Can delete comanda');
INSERT INTO `auth_permission` VALUES (25,9,'add_servico','Can add servico');
INSERT INTO `auth_permission` VALUES (26,9,'change_servico','Can change servico');
INSERT INTO `auth_permission` VALUES (27,9,'delete_servico','Can delete servico');
INSERT INTO `auth_permission` VALUES (28,10,'add_item','Can add item');
INSERT INTO `auth_permission` VALUES (29,10,'change_item','Can change item');
INSERT INTO `auth_permission` VALUES (30,10,'delete_item','Can delete item');
INSERT INTO `auth_permission` VALUES (31,11,'add_produto','Can add produto');
INSERT INTO `auth_permission` VALUES (32,11,'change_produto','Can change produto');
INSERT INTO `auth_permission` VALUES (33,11,'delete_produto','Can delete produto');
INSERT INTO `auth_permission` VALUES (34,12,'add_produto','Can add produto');
INSERT INTO `auth_permission` VALUES (35,12,'change_produto','Can change produto');
INSERT INTO `auth_permission` VALUES (36,12,'delete_produto','Can delete produto');
INSERT INTO `auth_permission` VALUES (37,13,'add_servico','Can add servico');
INSERT INTO `auth_permission` VALUES (38,13,'change_servico','Can change servico');
INSERT INTO `auth_permission` VALUES (39,13,'delete_servico','Can delete servico');
INSERT INTO `auth_permission` VALUES (40,14,'add_comanda','Can add comanda');
INSERT INTO `auth_permission` VALUES (41,14,'change_comanda','Can change comanda');
INSERT INTO `auth_permission` VALUES (42,14,'delete_comanda','Can delete comanda');
INSERT INTO `auth_permission` VALUES (43,15,'add_funcionario','Can add funcionario');
INSERT INTO `auth_permission` VALUES (44,15,'change_funcionario','Can change funcionario');
INSERT INTO `auth_permission` VALUES (45,15,'delete_funcionario','Can delete funcionario');
INSERT INTO `auth_permission` VALUES (46,16,'add_servico1','Can add servico1');
INSERT INTO `auth_permission` VALUES (47,16,'change_servico1','Can change servico1');
INSERT INTO `auth_permission` VALUES (48,16,'delete_servico1','Can delete servico1');
INSERT INTO `auth_permission` VALUES (49,17,'add_cliente','Can add cliente');
INSERT INTO `auth_permission` VALUES (50,17,'change_cliente','Can change cliente');
INSERT INTO `auth_permission` VALUES (51,17,'delete_cliente','Can delete cliente');
INSERT INTO `auth_permission` VALUES (52,18,'add_item','Can add item');
INSERT INTO `auth_permission` VALUES (53,18,'change_item','Can change item');
INSERT INTO `auth_permission` VALUES (54,18,'delete_item','Can delete item');
INSERT INTO `auth_permission` VALUES (55,19,'add_caixa','Can add caixa');
INSERT INTO `auth_permission` VALUES (56,19,'change_caixa','Can change caixa');
INSERT INTO `auth_permission` VALUES (57,19,'delete_caixa','Can delete caixa');
INSERT INTO `auth_permission` VALUES (58,20,'add_comanda_corte','Can add comanda_corte');
INSERT INTO `auth_permission` VALUES (59,20,'change_comanda_corte','Can change comanda_corte');
INSERT INTO `auth_permission` VALUES (60,20,'delete_comanda_corte','Can delete comanda_corte');
INSERT INTO `auth_permission` VALUES (61,21,'add_agenda','Can add agenda');
INSERT INTO `auth_permission` VALUES (62,21,'change_agenda','Can change agenda');
INSERT INTO `auth_permission` VALUES (63,21,'delete_agenda','Can delete agenda');
CREATE TABLE "auth_group_permissions" ("id" integer NOT NULL PRIMARY KEY AUTOINCREMENT, "group_id" integer NOT NULL REFERENCES "auth_group" ("id"), "permission_id" integer NOT NULL REFERENCES "auth_permission" ("id"), UNIQUE ("group_id", "permission_id"));
CREATE TABLE "auth_group" ("id" integer NOT NULL PRIMARY KEY AUTOINCREMENT, "name" varchar(80) NOT NULL UNIQUE);
CREATE TABLE "agenda_agenda" ("id" integer NOT NULL PRIMARY KEY AUTOINCREMENT, "confirmado" varchar(1) NOT NULL, "cliente1_id" integer NOT NULL REFERENCES "cliente_cliente" ("id"), "func1_id" integer NOT NULL REFERENCES "outros_funcionario" ("id"), "servico1_id" integer NOT NULL REFERENCES "outros_servico" ("id"), "data" datetime NOT NULL);
CREATE INDEX "outros_servico1_servico2_id_4f2b74ed" ON "outros_servico1" ("servico2_id");
CREATE INDEX "outros_servico1_funcionario2_id_c24f4e21" ON "outros_servico1" ("funcionario2_id");
CREATE INDEX "outros_item_produto1_id_05a6c539" ON "outros_item" ("produto1_id");
CREATE INDEX "outros_comanda_produtos_item_id_72c52221" ON "outros_comanda_produtos" ("item_id");
CREATE UNIQUE INDEX "outros_comanda_produtos_comanda_id_item_id_de83ec5e_uniq" ON "outros_comanda_produtos" ("comanda_id", "item_id");
CREATE INDEX "outros_comanda_produtos_comanda_id_82774c99" ON "outros_comanda_produtos" ("comanda_id");
CREATE INDEX "home_item_produto1_id_6eef697b" ON "home_item" ("produto1_id");
CREATE INDEX "home_comanda_servicos_servico_id_b8d9a1a7" ON "home_comanda_servicos" ("servico_id");
CREATE UNIQUE INDEX "home_comanda_servicos_comanda_id_servico_id_d74523ec_uniq" ON "home_comanda_servicos" ("comanda_id", "servico_id");
CREATE INDEX "home_comanda_servicos_comanda_id_e5e262d2" ON "home_comanda_servicos" ("comanda_id");
CREATE INDEX "home_comanda_produtos_item_id_dd42eefe" ON "home_comanda_produtos" ("item_id");
CREATE UNIQUE INDEX "home_comanda_produtos_comanda_id_item_id_01c57297_uniq" ON "home_comanda_produtos" ("comanda_id", "item_id");
CREATE INDEX "home_comanda_produtos_comanda_id_86201919" ON "home_comanda_produtos" ("comanda_id");
CREATE INDEX django_session_de54fa62 ON "django_session" ("expire_date");
CREATE UNIQUE INDEX "django_content_type_app_label_76bd3d3b_uniq" ON "django_content_type" ("app_label", "model");
CREATE INDEX "django_admin_log_e8701ad4" ON "django_admin_log" ("user_id");
CREATE INDEX "django_admin_log_417f1b1c" ON "django_admin_log" ("content_type_id");
CREATE INDEX auth_user_user_permissions_e8701ad4 ON "auth_user_user_permissions" ("user_id");
CREATE INDEX auth_user_user_permissions_8373b171 ON "auth_user_user_permissions" ("permission_id");
CREATE INDEX auth_user_groups_e8701ad4 ON "auth_user_groups" ("user_id");
CREATE INDEX auth_user_groups_0e939a4f ON "auth_user_groups" ("group_id");
CREATE UNIQUE INDEX "auth_permission_content_type_id_01ab375a_uniq" ON "auth_permission" ("content_type_id", "codename");
CREATE INDEX "auth_permission_417f1b1c" ON "auth_permission" ("content_type_id");
CREATE INDEX auth_group_permissions_8373b171 ON "auth_group_permissions" ("permission_id");
CREATE INDEX auth_group_permissions_0e939a4f ON "auth_group_permissions" ("group_id");
CREATE INDEX "agenda_agenda_servico1_id_bcd35a85" ON "agenda_agenda" ("servico1_id");
CREATE INDEX "agenda_agenda_func1_id_e7e06682" ON "agenda_agenda" ("func1_id");
CREATE INDEX "agenda_agenda_cliente1_id_a1d6fc96" ON "agenda_agenda" ("cliente1_id");
COMMIT;
